data,hora,user
20210401,000000,187
20210401,000500,156
20210401,001000,166
20210401,001500,162
20210401,002000,163
20210401,002500,144
20210401,003000,151
20210401,003500,126
20210401,004000,137
20210401,004500,157
20210401,005000,125
20210401,005500,162
20210401,010000,122
,1h,1958
20210401,010500,127
20210401,011000,146
20210401,011500,139
20210401,012000,99
20210401,012500,115
20210401,013000,123
20210401,013500,117
20210401,014000,93
20210401,014500,104
20210401,015000,105
20210401,015500,134
20210401,020000,120
,2h,1422
20210401,020500,116
20210401,021000,116
20210401,021500,127
20210401,022000,96
20210401,022500,126
20210401,023000,114
20210401,023500,93
20210401,024000,93
20210401,024500,89
20210401,025000,94
20210401,025500,136
20210401,030000,105
,3h,1305
20210401,030500,89
20210401,031000,99
20210401,031500,116
20210401,032000,77
20210401,032500,82
20210401,033000,97
20210401,033500,78
20210401,034000,94
20210401,034500,96
20210401,035000,92
20210401,035500,137
20210401,040000,97
,4h,1154
20210401,040500,87
20210401,041000,112
20210401,041500,101
20210401,042000,96
20210401,042500,96
20210401,043000,107
20210401,043500,98
20210401,044000,94
20210401,044500,98
20210401,045000,80
20210401,045500,102
20210401,050000,122
,5h,1193
20210401,050500,93
20210401,051000,119
20210401,051500,138
20210401,052000,92
20210401,052500,111
20210401,053000,118
20210401,053500,102
20210401,054000,87
20210401,054500,113
20210401,055000,109
20210401,055500,142
20210401,060000,124
,6h,1348
20210401,060500,126
20210401,061000,144
20210401,061500,126
20210401,062000,139
20210401,062500,129
20210401,063000,109
20210401,063500,130
20210401,064000,103
20210401,064500,125
20210401,065000,139
20210401,065500,145
20210401,070000,176
,7h,1591
20210401,070500,138
20210401,071000,175
20210401,071500,142
20210401,072000,150
20210401,072500,143
20210401,073000,153
20210401,073500,133
20210401,074000,112
20210401,074500,144
20210401,075000,160
20210401,075500,200
20210401,080000,200
,8h,1850
20210401,080500,157
20210401,081000,219
20210401,081500,206
20210401,082000,178
20210401,082500,209
20210401,083000,172
20210401,083500,154
20210401,084000,190
20210401,084500,201
20210401,085000,181
20210401,085500,210
20210401,090000,197
,9h,2274
20210401,090500,234
20210401,091000,230
20210401,091500,192
20210401,092000,176
20210401,092500,195
20210401,093000,238
20210401,093500,172
20210401,094000,178
20210401,094500,190
20210401,095000,188
20210401,095500,243
20210401,100000,220
,10h,2456
20210401,100500,303
20210401,101000,229
20210401,101500,246
20210401,102000,220
20210401,102500,256
20210401,103000,260
20210401,103500,234
20210401,104000,248
20210401,104500,202
20210401,105000,244
20210401,105500,279
20210401,110000,264
,11h,2985
20210401,110500,290
20210401,111000,277
20210401,111500,289
20210401,112000,276
20210401,112500,273
20210401,113000,276
20210401,113500,247
20210401,114000,233
20210401,114500,204
20210401,115000,283
20210401,115500,215
20210401,120000,258
,12h,3121
20210401,120500,260
20210401,121000,214
20210401,121500,270
20210401,122000,215
20210401,122500,270
20210401,123000,299
20210401,123500,255
20210401,124000,282
20210401,124500,276
20210401,125000,228
20210401,125500,237
20210401,130000,279
,13h,3085
20210401,130500,315
20210401,131000,220
20210401,131500,265
20210401,132000,251
20210401,132500,252
20210401,133000,285
20210401,133500,225
20210401,134000,224
20210401,134500,205
20210401,135000,224
20210401,135500,221
20210401,140000,319
,14h,3006
20210401,140500,249
20210401,141000,271
20210401,141500,257
20210401,142000,251
20210401,142500,280
20210401,143000,265
20210401,143500,238
20210401,144000,264
20210401,144500,233
20210401,145000,277
20210401,145500,258
20210401,150000,284
,15h,3127
20210401,150500,234
20210401,151000,226
20210401,151500,288
20210401,152000,208
20210401,152500,206
20210401,153000,280
20210401,153500,290
20210401,154000,281
20210401,154500,295
20210401,155000,194
20210401,155500,270
20210401,160000,256
,16h,3028
20210401,160500,225
20210401,161000,278
20210401,161500,260
20210401,162000,230
20210401,162500,243
20210401,163000,277
20210401,163500,336
20210401,164000,324
20210401,164500,305
20210401,165000,270
20210401,165500,276
20210401,170000,230
,17h,3254
20210401,170500,294
20210401,171000,256
20210401,171500,253
20210401,172000,304
20210401,172500,307
20210401,173000,293
20210401,173500,265
20210401,174000,231
20210401,174500,326
20210401,175000,258
20210401,175500,250
20210401,180000,275
,18h,3312
20210401,180500,324
20210401,181000,273
20210401,181500,318
20210401,182000,268
20210401,182500,316
20210401,183000,289
20210401,183500,294
20210401,184000,240
20210401,184500,247
20210401,185000,273
20210401,185500,273
20210401,190000,277
,19h,3392
20210401,190500,285
20210401,191000,256
20210401,191500,266
20210401,192000,280
20210401,192500,294
20210401,193000,272
20210401,193500,262
20210401,194000,230
20210401,194500,276
20210401,195000,249
20210401,195500,251
20210401,200000,302
,20h,3223
20210401,200500,293
20210401,201000,286
20210401,201500,240
20210401,202000,242
20210401,202500,247
20210401,203000,266
20210401,203500,277
20210401,204000,237
20210401,204500,249
20210401,205000,236
20210401,205500,245
20210401,210000,225
,21h,3043
20210401,210500,241
20210401,211000,242
20210401,211500,300
20210401,212000,219
20210401,212500,217
20210401,213000,280
20210401,213500,290
20210401,214000,243
20210401,214500,278
20210401,215000,190
20210401,215500,241
20210401,220000,219
,22h,2960
20210401,220500,216
20210401,221000,209
20210401,221500,226
20210401,222000,225
20210401,222500,232
20210401,223000,213
20210401,223500,211
20210401,224000,207
20210401,224500,216
20210401,225000,141
20210401,225500,188
20210401,230000,191
,23h,2475
20210401,230500,183
20210401,231000,185
20210401,231500,178
20210401,232000,191
20210401,232500,182
20210401,233000,166
20210401,233500,145
20210401,234000,63
20210401,234500,50
20210401,235000,48
20210401,235500,58
20210402,000000,188
,24h,1637
,,58199
20210402,000500,160
20210402,001000,151
20210402,001500,161
20210402,002000,164
20210402,002500,119
20210402,003000,144
20210402,003500,147
20210402,004000,114
20210402,004500,140
20210402,005000,101
20210402,005500,117
20210402,010000,108
,1h,1626
20210402,010500,121
20210402,011000,137
20210402,011500,108
20210402,012000,103
20210402,012500,117
20210402,013000,107
20210402,013500,133
20210402,014000,92
20210402,014500,154
20210402,015000,97
20210402,015500,106
20210402,020000,122
,2h,1397
20210402,020500,155
20210402,021000,120
20210402,021500,98
20210402,022000,106
20210402,022500,139
20210402,023000,105
20210402,023500,120
20210402,024000,139
20210402,024500,195
20210402,025000,106
20210402,025500,94
20210402,030000,89
,3h,1466
20210402,030500,111
20210402,031000,102
20210402,031500,79
20210402,032000,80
20210402,032500,106
20210402,033000,102
20210402,033500,109
20210402,034000,87
20210402,034500,119
20210402,035000,67
20210402,035500,97
20210402,040000,92
,4h,1151
20210402,040500,89
20210402,041000,120
20210402,041500,91
20210402,042000,92
20210402,042500,108
20210402,043000,92
20210402,043500,102
20210402,044000,92
20210402,044500,108
20210402,045000,63
20210402,045500,69
20210402,050000,89
,5h,1115
20210402,050500,99
20210402,051000,99
20210402,051500,120
20210402,052000,76
20210402,052500,140
20210402,053000,121
20210402,053500,119
20210402,054000,99
20210402,054500,136
20210402,055000,106
20210402,055500,91
20210402,060000,110
,6h,1316
20210402,060500,111
20210402,061000,101
20210402,061500,124
20210402,062000,115
20210402,062500,126
20210402,063000,107
20210402,063500,116
20210402,064000,119
20210402,064500,127
20210402,065000,117
20210402,065500,114
20210402,070000,120
,7h,1397
20210402,070500,146
20210402,071000,155
20210402,071500,155
20210402,072000,156
20210402,072500,150
20210402,073000,166
20210402,073500,140
20210402,074000,131
20210402,074500,172
20210402,075000,143
20210402,075500,133
20210402,080000,116
,8h,1763
20210402,080500,149
20210402,081000,145
20210402,081500,144
20210402,082000,134
20210402,082500,170
20210402,083000,171
20210402,083500,180
20210402,084000,157
20210402,084500,172
20210402,085000,152
20210402,085500,160
20210402,090000,208
,9h,1942
20210402,090500,181
20210402,091000,209
20210402,091500,213
20210402,092000,198
20210402,092500,242
20210402,093000,200
20210402,093500,204
20210402,094000,215
20210402,094500,203
20210402,095000,229
20210402,095500,190
20210402,100000,231
,10h,2515
20210402,100500,232
20210402,101000,225
20210402,101500,233
20210402,102000,253
20210402,102500,257
20210402,103000,205
20210402,103500,262
20210402,104000,208
20210402,104500,205
20210402,105000,192
20210402,105500,203
20210402,110000,172
,11h,2647
20210402,110500,236
20210402,111000,222
20210402,111500,227
20210402,112000,184
20210402,112500,240
20210402,113000,244
20210402,113500,240
20210402,114000,212
20210402,114500,238
20210402,115000,235
20210402,115500,233
20210402,120000,205
,12h,2716
20210402,120500,210
20210402,121000,224
20210402,121500,214
20210402,122000,234
20210402,122500,216
20210402,123000,282
20210402,123500,303
20210402,124000,255
20210402,124500,222
20210402,125000,263
20210402,125500,237
20210402,130000,316
,13h,2976
20210402,130500,268
20210402,131000,246
20210402,131500,209
20210402,132000,231
20210402,132500,269
20210402,133000,232
20210402,133500,238
20210402,134000,283
20210402,134500,244
20210402,135000,251
20210402,135500,257
20210402,140000,249
,14h,2977
20210402,140500,224
20210402,141000,293
20210402,141500,235
20210402,142000,221
20210402,142500,236
20210402,143000,277
20210402,143500,234
20210402,144000,221
20210402,144500,237
20210402,145000,238
20210402,145500,213
20210402,150000,238
,15h,2867
20210402,150500,241
20210402,151000,212
20210402,151500,196
20210402,152000,222
20210402,152500,293
20210402,153000,222
20210402,153500,196
20210402,154000,254
20210402,154500,204
20210402,155000,194
20210402,155500,222
20210402,160000,202
,16h,2658
20210402,160500,203
20210402,161000,222
20210402,161500,194
20210402,162000,210
20210402,162500,251
20210402,163000,242
20210402,163500,175
20210402,164000,246
20210402,164500,219
20210402,165000,192
20210402,165500,202
20210402,170000,211
,17h,2567
20210402,170500,182
20210402,171000,216
20210402,171500,221
20210402,172000,205
20210402,172500,283
20210402,173000,203
20210402,173500,219
20210402,174000,228
20210402,174500,216
20210402,175000,254
20210402,175500,256
20210402,180000,267
,18h,2750
20210402,180500,231
20210402,181000,172
20210402,181500,246
20210402,182000,216
20210402,182500,246
20210402,183000,188
20210402,183500,214
20210402,184000,239
20210402,184500,242
20210402,185000,258
20210402,185500,245
20210402,190000,240
,19h,2737
20210402,190500,259
20210402,191000,216
20210402,191500,260
20210402,192000,279
20210402,192500,276
20210402,193000,158
20210402,193500,196
20210402,194000,216
20210402,194500,242
20210402,195000,244
20210402,195500,265
20210402,200000,210
,20h,2821
20210402,200500,290
20210402,201000,243
20210402,201500,248
20210402,202000,262
20210402,202500,270
20210402,203000,223
20210402,203500,200
20210402,204000,233
20210402,204500,225
20210402,205000,221
20210402,205500,215
20210402,210000,200
,21h,2830
20210402,210500,289
20210402,211000,245
20210402,211500,218
20210402,212000,228
20210402,212500,228
20210402,213000,204
20210402,213500,159
20210402,214000,207
20210402,214500,191
20210402,215000,198
20210402,215500,181
20210402,220000,192
,22h,2540
20210402,220500,249
20210402,221000,184
20210402,221500,244
20210402,222000,190
20210402,222500,230
20210402,223000,188
20210402,223500,190
20210402,224000,161
20210402,224500,149
20210402,225000,60
20210402,225500,102
20210402,230000,92
,23h,2039
20210402,230500,83
20210402,231000,103
20210402,231500,68
20210402,232000,79
20210402,232500,71
20210402,233000,77
20210402,233500,51
20210402,234000,47
20210402,234500,30
20210403,000000,199
,24h,808
,,
20210403,000500,184
20210403,001000,130
20210403,001500,160
20210403,002000,150
20210403,002500,148
20210403,003000,146
20210403,003500,131
20210403,004000,129
20210403,004500,90
20210403,005000,120
20210403,005500,112
20210403,010000,135
,1h,1635
20210403,010500,135
20210403,011000,99
20210403,011500,108
20210403,012000,104
20210403,012500,135
20210403,013000,112
20210403,013500,99
20210403,014000,102
20210403,014500,102
20210403,015000,132
20210403,015500,109
20210403,020000,159
,2h,1396
20210403,020500,151
20210403,021000,116
20210403,021500,94
20210403,022000,139
20210403,022500,100
20210403,023000,112
20210403,023500,123
20210403,024000,95
20210403,024500,112
20210403,025000,109
20210403,025500,118
20210403,030000,124
,3h,1393
20210403,030500,99
20210403,031000,131
20210403,031500,84
20210403,032000,112
20210403,032500,107
20210403,033000,93
20210403,033500,94
20210403,034000,84
20210403,034500,82
20210403,035000,113
20210403,035500,80
20210403,040000,119
,4h,1198
20210403,040500,102
20210403,041000,106
20210403,041500,94
20210403,042000,91
20210403,042500,112
20210403,043000,85
20210403,043500,94
20210403,044000,89
20210403,044500,87
20210403,045000,122
20210403,045500,97
20210403,050000,118
,5h,1197
20210403,050500,100
20210403,051000,100
20210403,051500,98
20210403,052000,109
20210403,052500,112
20210403,053000,89
20210403,053500,113
20210403,054000,84
20210403,054500,79
20210403,055000,112
20210403,055500,101
20210403,060000,115
,6h,1212
20210403,060500,109
20210403,061000,119
20210403,061500,98
20210403,062000,128
20210403,062500,136
20210403,063000,106
20210403,063500,130
20210403,064000,92
20210403,064500,74
20210403,065000,132
20210403,065500,109
20210403,070000,134
,7h,1367
20210403,070500,140
20210403,071000,144
20210403,071500,123
20210403,072000,92
20210403,072500,119
20210403,073000,139
20210403,073500,120
20210403,074000,117
20210403,074500,94
20210403,075000,122
20210403,075500,116
20210403,080000,154
,8h,1480
20210403,080500,171
20210403,081000,155
20210403,081500,174
20210403,082000,151
20210403,082500,191
20210403,083000,168
20210403,083500,127
20210403,084000,158
20210403,084500,115
20210403,085000,193
20210403,085500,180
20210403,090000,213
,9h,1996
20210403,090500,199
20210403,091000,171
20210403,091500,192
20210403,092000,180
20210403,092500,192
20210403,093000,173
20210403,093500,152
20210403,094000,218
20210403,094500,134
20210403,095000,192
20210403,095500,227
20210403,100000,217
,10h,2247
20210403,100500,265
20210403,101000,248
20210403,101500,208
20210403,102000,220
20210403,102500,265
20210403,103000,245
20210403,103500,263
20210403,104000,255
20210403,104500,226
20210403,105000,271
20210403,105500,219
20210403,110000,203
,11h,2888
20210403,110500,209
20210403,111000,254
20210403,111500,256
20210403,112000,232
20210403,112500,240
20210403,113000,291
20210403,113500,226
20210403,114000,247
20210403,114500,225
20210403,115000,227
20210403,115500,261
20210403,120000,244
,12h,2912
20210403,120500,296
20210403,121000,293
20210403,121500,210
20210403,122000,169
20210403,122500,214
20210403,123000,191
20210403,123500,221
20210403,124000,215
20210403,124500,247
20210403,125000,220
20210403,125500,236
20210403,130000,235
,,2747
20210403,130500,244
20210403,131000,229
20210403,131500,234
20210403,132000,223
20210403,132500,294
20210403,133000,245
20210403,133500,200
20210403,134000,206
20210403,134500,218
20210403,135000,228
20210403,135500,225
20210403,140000,238
,,2784
20210403,140500,213
20210403,141000,204
20210403,141500,213
20210403,142000,219
20210403,142500,258
20210403,143000,248
20210403,143500,223
20210403,144000,181
20210403,144500,216
20210403,145000,192
20210403,145500,164
20210403,150000,187
,,2518
20210403,150500,234
20210403,151000,237
20210403,151500,175
20210403,152000,219
20210403,152500,244
20210403,153000,232
20210403,153500,212
20210403,154000,247
20210403,154500,184
20210403,155000,185
20210403,155500,207
20210403,160000,220
,,2596
20210403,160500,250
20210403,161000,226
20210403,161500,242
20210403,162000,236
20210403,162500,269
20210403,163000,216
20210403,163500,223
20210403,164000,261
20210403,164500,260
20210403,165000,167
20210403,165500,240
20210403,170000,199
,,2789
20210403,170500,266
20210403,171000,187
20210403,171500,200
20210403,172000,177
20210403,172500,202
20210403,173000,254
20210403,173500,273
20210403,174000,239
20210403,174500,259
20210403,175000,225
20210403,175500,255
20210403,180000,244
,,2781
20210403,180500,266
20210403,181000,225
20210403,181500,297
20210403,182000,216
20210403,182500,225
20210403,183000,213
20210403,183500,316
20210403,184000,236
20210403,184500,268
20210403,185000,236
20210403,185500,252
20210403,190000,244
,,2994
20210403,190500,274
20210403,191000,253
20210403,191500,218
20210403,192000,271
20210403,192500,248
20210403,193000,300
20210403,193500,257
20210403,194000,250
20210403,194500,267
20210403,195000,232
20210403,195500,253
20210403,200000,216
,,3039
20210403,200500,199
20210403,201000,207
20210403,201500,213
20210403,202000,251
20210403,202500,271
20210403,203000,319
20210403,203500,314
20210403,204000,256
20210403,204500,212
20210403,205000,213
20210403,205500,250
20210403,210000,216
,,2921
20210403,210500,213
20210403,211000,210
20210403,211500,222
20210403,212000,192
20210403,212500,246
20210403,213000,197
20210403,213500,206
20210403,214000,221
20210403,214500,220
20210403,215000,222
20210403,215500,286
20210403,220000,232
,,2667
20210403,220500,220
20210403,221000,202
20210403,221500,225
20210403,222000,199
20210403,222500,180
20210403,223000,180
20210403,223500,189
20210403,224000,155
20210403,224500,196
20210403,225000,167
20210403,225500,191
20210403,230000,195
,,2299
20210403,230500,191
20210403,231000,159
20210403,231500,205
20210403,232000,212
20210403,232500,195
20210403,233000,144
20210403,233500,103
20210403,234000,91
20210403,234500,92
20210403,235000,99
20210403,235500,84
20210404,000000,161
,,1736
,,
20210404,000500,141
20210404,001000,145
20210404,001500,175
20210404,002000,162
20210404,002500,183
20210404,003000,167
20210404,003500,153
20210404,004000,136
20210404,004500,165
20210404,005000,131
20210404,005500,130
20210404,010000,104
,,1792
20210404,010500,130
20210404,011000,127
20210404,011500,145
20210404,012000,135
20210404,012500,114
20210404,013000,127
20210404,013500,90
20210404,014000,97
20210404,014500,134
20210404,015000,105
20210404,015500,122
20210404,020000,113
,,1439
20210404,020500,103
20210404,021000,123
20210404,021500,134
20210404,022000,121
20210404,022500,126
20210404,023000,122
20210404,023500,86
20210404,024000,112
20210404,024500,135
20210404,025000,103
20210404,025500,82
20210404,030000,91
,,1338
20210404,030500,96
20210404,031000,93
20210404,031500,100
20210404,032000,106
20210404,032500,93
20210404,033000,88
20210404,033500,82
20210404,034000,98
20210404,034500,128
20210404,035000,90
20210404,035500,75
20210404,040000,106
,,1155
20210404,040500,83
20210404,041000,74
20210404,041500,106
20210404,042000,103
20210404,042500,77
20210404,043000,94
20210404,043500,67
20210404,044000,85
20210404,044500,90
20210404,045000,72
20210404,045500,78
20210404,050000,73
,,1002
20210404,050500,90
20210404,051000,86
20210404,051500,106
20210404,052000,121
20210404,052500,96
20210404,053000,81
20210404,053500,78
20210404,054000,71
20210404,054500,93
20210404,055000,65
20210404,055500,102
20210404,060000,79
,,1068
20210404,060500,101
20210404,061000,106
20210404,061500,120
20210404,062000,112
20210404,062500,87
20210404,063000,77
20210404,063500,81
20210404,064000,90
20210404,064500,105
20210404,065000,92
20210404,065500,94
20210404,070000,72
,,1137
20210404,070500,112
20210404,071000,92
20210404,071500,141
20210404,072000,108
20210404,072500,94
20210404,073000,101
20210404,073500,80
20210404,074000,121
20210404,074500,104
20210404,075000,121
20210404,075500,97
20210404,080000,111
,,1282
20210404,080500,139
20210404,081000,105
20210404,081500,184
20210404,082000,119
20210404,082500,140
20210404,083000,154
20210404,083500,141
20210404,084000,130
20210404,084500,141
20210404,085000,149
20210404,085500,143
20210404,090000,125
,,1670
20210404,090500,169
20210404,091000,141
20210404,091500,195
20210404,092000,178
20210404,092500,144
20210404,093000,221
20210404,093500,141
20210404,094000,152
20210404,094500,164
20210404,095000,181
20210404,095500,146
20210404,100000,174
,,2006
20210404,100500,178
20210404,101000,164
20210404,101500,184
20210404,102000,201
20210404,102500,224
20210404,103000,204
20210404,103500,225
20210404,104000,191
20210404,104500,200
20210404,105000,224
20210404,105500,244
20210404,110000,224
,,2463
20210404,110500,270
20210404,111000,221
20210404,111500,237
20210404,112000,217
20210404,112500,248
20210404,113000,242
20210404,113500,293
20210404,114000,196
20210404,114500,234
20210404,115000,315
20210404,115500,259
20210404,120000,281
,,3013
20210404,120500,262
20210404,121000,245
20210404,121500,257
20210404,122000,257
20210404,122500,270
20210404,123000,288
20210404,123500,247
20210404,124000,225
20210404,124500,233
20210404,125000,267
20210404,125500,222
20210404,130000,251
,,3024
20210404,130500,242
20210404,131000,217
20210404,131500,242
20210404,132000,215
20210404,132500,214
20210404,133000,189
20210404,133500,191
20210404,134000,201
20210404,134500,188
20210404,135000,213
20210404,135500,216
20210404,140000,234
,,2562
20210404,140500,254
20210404,141000,238
20210404,141500,221
20210404,142000,199
20210404,142500,240
20210404,143000,212
20210404,143500,260
20210404,144000,259
20210404,144500,247
20210404,145000,197
20210404,145500,190
20210404,150000,223
,,2740
20210404,150500,241
20210404,151000,223
20210404,151500,231
20210404,152000,204
20210404,152500,210
20210404,153000,194
20210404,153500,195
20210404,154000,176
20210404,154500,231
20210404,155000,189
20210404,155500,213
20210404,160000,211
,,2518
20210404,160500,243
20210404,161000,249
20210404,161500,212
20210404,162000,221
20210404,162500,213
20210404,163000,218
20210404,163500,228
20210404,164000,201
20210404,164500,238
20210404,165000,196
20210404,165500,165
20210404,170000,237
,,2621
20210404,170500,261
20210404,171000,206
20210404,171500,236
20210404,172000,224
20210404,172500,209
20210404,173000,237
20210404,173500,287
20210404,174000,271
20210404,174500,266
20210404,175000,213
20210404,175500,202
20210404,180000,252
,,2864
20210404,180500,258
20210404,181000,247
20210404,181500,278
20210404,182000,246
20210404,182500,213
20210404,183000,162
20210404,183500,199
20210404,184000,254
20210404,184500,243
20210404,185000,206
20210404,185500,183
20210404,190000,247
,,2736
20210404,190500,240
20210404,191000,238
20210404,191500,245
20210404,192000,204
20210404,192500,173
20210404,193000,182
20210404,193500,235
20210404,194000,247
20210404,194500,246
20210404,195000,213
20210404,195500,197
20210404,200000,262
,,2682
20210404,200500,262
20210404,201000,253
20210404,201500,250
20210404,202000,259
20210404,202500,210
20210404,203000,237
20210404,203500,247
20210404,204000,245
20210404,204500,243
20210404,205000,245
20210404,205500,211
20210404,210000,229
,,2891
20210404,210500,246
20210404,211000,261
20210404,211500,257
20210404,212000,288
20210404,212500,200
20210404,213000,224
20210404,213500,222
20210404,214000,250
20210404,214500,235
20210404,215000,213
20210404,215500,214
20210404,220000,223
,,2833
20210404,220500,256
20210404,221000,236
20210404,221500,254
20210404,222000,242
20210404,222500,198
20210404,223000,233
20210404,223500,256
20210404,224000,199
20210404,224500,174
20210404,225000,209
20210404,225500,176
20210404,230000,138
,,2571
20210404,230500,94
20210404,231000,114
20210404,231500,122
20210404,232000,114
20210404,232500,55
20210404,233000,88
20210404,233500,64
20210404,234000,89
20210404,234500,105
20210404,235000,96
20210404,235500,71
20210405,000000,152
,,1164
,,
20210405,000500,122
20210405,001000,170
20210405,001500,177
20210405,002000,142
20210405,002500,125
20210405,003000,171
20210405,003500,151
20210405,004000,140
20210405,004500,127
20210405,005000,125
20210405,005500,123
20210405,010000,105
,,1678
20210405,010500,101
20210405,011000,130
20210405,011500,162
20210405,012000,160
20210405,012500,108
20210405,013000,167
20210405,013500,134
20210405,014000,118
20210405,014500,107
20210405,015000,134
20210405,015500,94
20210405,020000,108
,,1523
20210405,020500,84
20210405,021000,105
20210405,021500,125
20210405,022000,117
20210405,022500,85
20210405,023000,137
20210405,023500,82
20210405,024000,86
20210405,024500,91
20210405,025000,92
20210405,025500,97
20210405,030000,88
,,1189
20210405,030500,83
20210405,031000,118
20210405,031500,110
20210405,032000,120
20210405,032500,73
20210405,033000,120
20210405,033500,73
20210405,034000,106
20210405,034500,102
20210405,035000,116
20210405,035500,76
20210405,040000,95
,,1192
20210405,040500,83
20210405,041000,105
20210405,041500,108
20210405,042000,115
20210405,042500,71
20210405,043000,120
20210405,043500,72
20210405,044000,94
20210405,044500,88
20210405,045000,101
20210405,045500,79
20210405,050000,97
,,1133
20210405,050500,84
20210405,051000,105
20210405,051500,110
20210405,052000,137
20210405,052500,71
20210405,053000,147
20210405,053500,79
20210405,054000,113
20210405,054500,98
20210405,055000,113
20210405,055500,93
20210405,060000,112
,,1262
20210405,060500,114
20210405,061000,144
20210405,061500,166
20210405,062000,160
20210405,062500,112
20210405,063000,161
20210405,063500,147
20210405,064000,202
20210405,064500,165
20210405,065000,173
20210405,065500,161
20210405,070000,155
,,1860
20210405,070500,175
20210405,071000,164
20210405,071500,157
20210405,072000,158
20210405,072500,126
20210405,073000,166
20210405,073500,173
20210405,074000,160
20210405,074500,178
20210405,075000,193
20210405,075500,150
20210405,080000,251
,,2051
20210405,080500,192
20210405,081000,212
20210405,081500,208
20210405,082000,234
20210405,082500,236
20210405,083000,250
20210405,083500,235
20210405,084000,231
20210405,084500,210
20210405,085000,288
20210405,085500,283
20210405,090000,219
,,2798
20210405,090500,185
20210405,091000,286
20210405,091500,290
20210405,092000,251
20210405,092500,231
20210405,093000,253
20210405,093500,230
20210405,094000,273
20210405,094500,221
20210405,095000,259
20210405,095500,307
20210405,100000,264
,,3050
20210405,100500,211
20210405,101000,313
20210405,101500,251
20210405,102000,320
20210405,102500,293
20210405,103000,273
20210405,103500,255
20210405,104000,256
20210405,104500,186
20210405,105000,254
20210405,105500,240
20210405,110000,239
,,3091
20210405,110500,272
20210405,111000,327
20210405,111500,239
20210405,112000,279
20210405,112500,272
20210405,113000,212
20210405,113500,280
20210405,114000,283
20210405,114500,274
20210405,115000,328
20210405,115500,338
20210405,120000,332
,,3436
20210405,120500,279
20210405,121000,288
20210405,121500,284
20210405,122000,209
20210405,122500,269
20210405,123000,297
20210405,123500,238
20210405,124000,207
20210405,124500,224
20210405,125000,302
20210405,125500,292
20210405,130000,308
,,3197
20210405,130500,269
20210405,131000,286
20210405,131500,225
20210405,132000,249
20210405,132500,217
20210405,133000,365
20210405,133500,244
20210405,134000,220
20210405,134500,325
20210405,135000,314
20210405,135500,273
20210405,140000,278
,,3265
20210405,140500,285
20210405,141000,272
20210405,141500,256
20210405,142000,290
20210405,142500,187
20210405,143000,251
20210405,143500,209
20210405,144000,264
20210405,144500,261
20210405,145000,295
20210405,145500,235
20210405,150000,249
,,3054
20210405,150500,225
20210405,151000,333
20210405,151500,257
20210405,152000,268
20210405,152500,242
20210405,153000,270
20210405,153500,265
20210405,154000,261
20210405,154500,238
20210405,155000,291
20210405,155500,270
20210405,160000,303
,,3223
20210405,160500,299
20210405,161000,328
20210405,161500,280
20210405,162000,219
20210405,162500,205
20210405,163000,258
20210405,163500,290
20210405,164000,290
20210405,164500,282
20210405,165000,262
20210405,165500,217
20210405,170000,295
,,3225
20210405,170500,243
20210405,171000,320
20210405,171500,273
20210405,172000,238
20210405,172500,205
20210405,173000,206
20210405,173500,305
20210405,174000,259
20210405,174500,276
20210405,175000,251
20210405,175500,228
20210405,180000,290
,,3094
20210405,180500,311
20210405,181000,291
20210405,181500,345
20210405,182000,269
20210405,182500,274
20210405,183000,310
20210405,183500,314
20210405,184000,265
20210405,184500,307
20210405,185000,307
20210405,185500,265
20210405,190000,258
,,3516
20210405,190500,268
20210405,191000,226
20210405,191500,296
20210405,192000,243
20210405,192500,270
20210405,193000,276
20210405,193500,340
20210405,194000,254
20210405,194500,230
20210405,195000,307
20210405,195500,311
20210405,200000,298
,,3319
20210405,200500,285
20210405,201000,226
20210405,201500,229
20210405,202000,289
20210405,202500,250
20210405,203000,223
20210405,203500,286
20210405,204000,217
20210405,204500,221
20210405,205000,288
20210405,205500,281
20210405,210000,196
,,2991
20210405,210500,228
20210405,211000,168
20210405,211500,190
20210405,212000,223
20210405,212500,202
20210405,213000,253
20210405,213500,217
20210405,214000,208
20210405,214500,205
20210405,215000,241
20210405,215500,245
20210405,220000,181
,,2561
20210405,220500,250
20210405,221000,193
20210405,221500,196
20210405,222000,180
20210405,222500,207
20210405,223000,186
20210405,223500,212
20210405,224000,175
20210405,224500,171
20210405,225000,167
20210405,225500,158
20210405,230000,137
,,2232
20210405,230500,148
20210405,231000,143
20210405,231500,115
20210405,232000,90
20210405,232500,293
20210405,233000,234
20210405,233500,206
20210405,234000,123
20210405,234500,10
20210406,000000,235
,,1597
,,
20210406,000500,285
20210406,001000,277
20210406,001500,231
20210406,002000,283
20210406,002500,298
20210406,003000,317
20210406,003500,284
20210406,004000,264
20210406,004500,229
20210406,005000,177
20210406,005500,230
20210406,010000,248
,,3123
20210406,010500,227
20210406,011000,244
20210406,011500,227
20210406,012000,197
20210406,012500,211
20210406,013000,207
20210406,013500,209
20210406,014000,193
20210406,014500,160
20210406,015000,187
20210406,015500,174
20210406,020000,215
,,2451
20210406,020500,176
20210406,021000,180
20210406,021500,176
20210406,022000,145
20210406,022500,188
20210406,023000,140
20210406,023500,146
20210406,024000,164
20210406,024500,118
20210406,025000,133
20210406,025500,116
20210406,030000,123
,,1805
20210406,030500,134
20210406,031000,132
20210406,031500,143
20210406,032000,169
20210406,032500,149
20210406,033000,148
20210406,033500,161
20210406,034000,147
20210406,034500,146
20210406,035000,121
20210406,035500,110
20210406,040000,162
,,1722
20210406,040500,256
20210406,041000,230
20210406,041500,135
20210406,042000,138
20210406,042500,115
20210406,043000,103
20210406,043500,116
20210406,044000,124
20210406,044500,58
20210406,045000,60
20210406,045500,45
20210406,050000,75
,,1455
20210406,050500,130
20210406,051000,117
20210406,051500,91
20210406,052000,79
20210406,052500,89
20210406,053000,97
20210406,053500,126
20210406,054000,128
20210406,054500,73
20210406,055000,61
20210406,055500,65
20210406,060000,80
,,1136
20210406,060500,153
20210406,061000,134
20210406,061500,101
20210406,062000,122
20210406,062500,111
20210406,063000,147
20210406,063500,154
20210406,064000,147
20210406,064500,120
20210406,065000,136
20210406,065500,134
20210406,070000,129
,,1588
20210406,070500,174
20210406,071000,178
20210406,071500,189
20210406,072000,207
20210406,072500,143
20210406,073000,195
20210406,073500,183
20210406,074000,206
20210406,074500,128
20210406,075000,186
20210406,075500,185
20210406,080000,202
,,2176
20210406,080500,243
20210406,081000,207
20210406,081500,217
20210406,082000,237
20210406,082500,187
20210406,083000,183
20210406,083500,214
20210406,084000,286
20210406,084500,160
20210406,085000,209
20210406,085500,218
20210406,090000,258
,,2619
20210406,090500,257
20210406,091000,276
20210406,091500,219
20210406,092000,249
20210406,092500,282
20210406,093000,270
20210406,093500,221
20210406,094000,280
20210406,094500,238
20210406,095000,257
20210406,095500,274
20210406,100000,220
,,3043
20210406,100500,306
20210406,101000,270
20210406,101500,243
20210406,102000,248
20210406,102500,262
20210406,103000,278
20210406,103500,279
20210406,104000,282
20210406,104500,279
20210406,105000,248
20210406,105500,217
20210406,110000,266
,,3178
20210406,110500,267
20210406,111000,212
20210406,111500,263
20210406,112000,290
20210406,112500,309
20210406,113000,246
20210406,113500,253
20210406,114000,303
20210406,114500,255
20210406,115000,232
20210406,115500,305
20210406,120000,317
,,3252
20210406,120500,321
20210406,121000,267
20210406,121500,213
20210406,122000,302
20210406,122500,244
20210406,123000,286
20210406,123500,277
20210406,124000,290
20210406,124500,266
20210406,125000,250
20210406,125500,252
20210406,130000,281
,,3249
20210406,130500,289
20210406,131000,347
20210406,131500,250
20210406,132000,280
20210406,132500,244
20210406,133000,246
20210406,133500,247
20210406,134000,291
20210406,134500,197
20210406,135000,239
20210406,135500,292
20210406,140000,257
,,3179
20210406,140500,287
20210406,141000,281
20210406,141500,319
20210406,142000,265
20210406,142500,288
20210406,143000,282
20210406,143500,260
20210406,144000,268
20210406,144500,228
20210406,145000,257
20210406,145500,247
20210406,150000,257
,,3239
20210406,150500,304
20210406,151000,261
20210406,151500,268
20210406,152000,306
20210406,152500,246
20210406,153000,297
20210406,153500,275
20210406,154000,267
20210406,154500,192
20210406,155000,219
20210406,155500,264
20210406,160000,240
,,3139
20210406,160500,277
20210406,161000,308
20210406,161500,323
20210406,162000,275
20210406,162500,301
20210406,163000,261
20210406,163500,288
20210406,164000,319
20210406,164500,275
20210406,165000,241
20210406,165500,259
20210406,170000,262
,,3389
20210406,170500,297
20210406,171000,295
20210406,171500,243
20210406,172000,310
20210406,172500,248
20210406,173000,274
20210406,173500,238
20210406,174000,313
20210406,174500,250
20210406,175000,274
20210406,175500,310
20210406,180000,312
,,3364
20210406,180500,370
20210406,181000,315
20210406,181500,276
20210406,182000,307
20210406,182500,295
20210406,183000,263
20210406,183500,232
20210406,184000,262
20210406,184500,216
20210406,185000,295
20210406,185500,233
20210406,190000,259
,,3323
20210406,190500,328
20210406,191000,280
20210406,191500,230
20210406,192000,255
20210406,192500,267
20210406,193000,272
20210406,193500,243
20210406,194000,243
20210406,194500,239
20210406,195000,223
20210406,195500,221
20210406,200000,239
,,3040
20210406,200500,269
20210406,201000,239
20210406,201500,267
20210406,202000,252
20210406,202500,262
20210406,203000,270
20210406,203500,218
20210406,204000,269
20210406,204500,209
20210406,205000,229
20210406,205500,182
20210406,210000,233
,,2899
20210406,210500,280
20210406,211000,273
20210406,211500,199
20210406,212000,206
20210406,212500,187
20210406,213000,239
20210406,213500,185
20210406,214000,187
20210406,214500,209
20210406,215000,206
20210406,215500,193
20210406,220000,230
,,2594
20210406,220500,220
20210406,221000,229
20210406,221500,217
20210406,222000,212
20210406,222500,177
20210406,223000,179
20210406,223500,192
20210406,224000,196
20210406,224500,174
20210406,225000,95
20210406,225500,94
20210406,230000,77
,,2062
20210406,230500,61
20210406,231000,49
20210406,231500,63
20210406,232000,60
20210406,232500,74
20210406,233000,54
20210406,233500,67
20210406,234000,31
20210406,234500,15
20210406,235000,3
20210407,000000,155
,,632
,,
20210407,000500,225
20210407,001000,169
20210407,001500,164
20210407,002000,141
20210407,002500,113
20210407,003000,187
20210407,003500,130
20210407,004000,158
20210407,004500,151
20210407,005000,99
20210407,005500,127
20210407,010000,130
,,1794
20210407,010500,185
20210407,011000,150
20210407,011500,147
20210407,012000,127
20210407,012500,95
20210407,013000,141
20210407,013500,115
20210407,014000,134
20210407,014500,128
20210407,015000,69
20210407,015500,96
20210407,020000,121
,,1508
20210407,020500,166
20210407,021000,119
20210407,021500,113
20210407,022000,91
20210407,022500,85
20210407,023000,104
20210407,023500,132
20210407,024000,118
20210407,024500,125
20210407,025000,88
20210407,025500,109
20210407,030000,107
,,1357
20210407,030500,148
20210407,031000,110
20210407,031500,109
20210407,032000,89
20210407,032500,78
20210407,033000,92
20210407,033500,99
20210407,034000,92
20210407,034500,76
20210407,035000,75
20210407,035500,91
20210407,040000,113
,,1172
20210407,040500,152
20210407,041000,108
20210407,041500,94
20210407,042000,95
20210407,042500,74
20210407,043000,108
20210407,043500,81
20210407,044000,101
20210407,044500,99
20210407,045000,78
20210407,045500,90
20210407,050000,87
,,1167
20210407,050500,139
20210407,051000,110
20210407,051500,104
20210407,052000,106
20210407,052500,81
20210407,053000,118
20210407,053500,82
20210407,054000,108
20210407,054500,112
20210407,055000,93
20210407,055500,113
20210407,060000,148
,,1314
20210407,060500,185
20210407,061000,143
20210407,061500,151
20210407,062000,123
20210407,062500,105
20210407,063000,139
20210407,063500,128
20210407,064000,156
20210407,064500,139
20210407,065000,120
20210407,065500,132
20210407,070000,157
,,1678
20210407,070500,195
20210407,071000,164
20210407,071500,197
20210407,072000,144
20210407,072500,132
20210407,073000,180
20210407,073500,200
20210407,074000,186
20210407,074500,182
20210407,075000,182
20210407,075500,246
20210407,080000,193
,,2201
20210407,080500,221
20210407,081000,230
20210407,081500,209
20210407,082000,276
20210407,082500,197
20210407,083000,228
20210407,083500,177
20210407,084000,220
20210407,084500,238
20210407,085000,271
20210407,085500,263
20210407,090000,212
,,2742
20210407,090500,268
20210407,091000,217
20210407,091500,244
20210407,092000,236
20210407,092500,261
20210407,093000,252
20210407,093500,212
20210407,094000,214
20210407,094500,265
20210407,095000,212
20210407,095500,283
20210407,100000,272
,,2936
20210407,100500,289
20210407,101000,277
20210407,101500,291
20210407,102000,234
20210407,102500,262
20210407,103000,269
20210407,103500,199
20210407,104000,277
20210407,104500,295
20210407,105000,253
20210407,105500,310
20210407,110000,258
,,3214
20210407,110500,330
20210407,111000,260
20210407,111500,240
20210407,112000,263
20210407,112500,344
20210407,113000,271
20210407,113500,354
20210407,114000,281
20210407,114500,260
20210407,115000,304
20210407,115500,262
20210407,120000,249
,,3418
20210407,120500,294
20210407,121000,250
20210407,121500,254
20210407,122000,314
20210407,122500,238
20210407,123000,232
20210407,123500,294
20210407,124000,286
20210407,124500,263
20210407,125000,236
20210407,125500,238
20210407,130000,248
,,3147
20210407,130500,282
20210407,131000,227
20210407,131500,251
20210407,132000,280
20210407,132500,266
20210407,133000,244
20210407,133500,294
20210407,134000,292
20210407,134500,231
20210407,135000,265
20210407,135500,277
20210407,140000,284
,,3193
20210407,140500,310
20210407,141000,218
20210407,141500,252
20210407,142000,245
20210407,142500,217
20210407,143000,241
20210407,143500,286
20210407,144000,267
20210407,144500,237
20210407,145000,205
20210407,145500,287
20210407,150000,218
,,2983
20210407,150500,314
20210407,151000,262
20210407,151500,234
20210407,152000,269
20210407,152500,247
20210407,153000,246
20210407,153500,256
20210407,154000,274
20210407,154500,239
20210407,155000,221
20210407,155500,245
20210407,160000,278
,,3085
20210407,160500,326
20210407,161000,279
20210407,161500,313
20210407,162000,368
20210407,162500,239
20210407,163000,246
20210407,163500,251
20210407,164000,308
20210407,164500,242
20210407,165000,295
20210407,165500,239
20210407,170000,266
,,3372
20210407,170500,319
20210407,171000,270
20210407,171500,230
20210407,172000,310
20210407,172500,234
20210407,173000,207
20210407,173500,240
20210407,174000,301
20210407,174500,319
20210407,175000,256
20210407,175500,261
20210407,180000,335
,,3282
20210407,180500,376
20210407,181000,270
20210407,181500,266
20210407,182000,356
20210407,182500,296
20210407,183000,281
20210407,183500,309
20210407,184000,345
20210407,184500,337
20210407,185000,294
20210407,185500,276
20210407,190000,333
,,3739
20210407,190500,379
20210407,191000,291
20210407,191500,226
20210407,192000,296
20210407,192500,248
20210407,193000,274
20210407,193500,231
20210407,194000,297
20210407,194500,269
20210407,195000,287
20210407,195500,270
20210407,200000,275
,,3343
20210407,200500,336
20210407,201000,271
20210407,201500,271
20210407,202000,294
20210407,202500,252
20210407,203000,238
20210407,203500,236
20210407,204000,320
20210407,204500,272
20210407,205000,241
20210407,205500,297
20210407,210000,239
,,3267
20210407,210500,314
20210407,211000,294
20210407,211500,247
20210407,212000,290
20210407,212500,292
20210407,213000,242
20210407,213500,269
20210407,214000,307
20210407,214500,292
20210407,215000,249
20210407,215500,246
20210407,220000,224
,,3266
20210407,220500,285
20210407,221000,257
20210407,221500,257
20210407,222000,251
20210407,222500,235
20210407,223000,264
20210407,223500,212
20210407,224000,262
20210407,224500,213
20210407,225000,203
20210407,225500,188
20210407,230000,174
,,2801
20210407,230500,237
20210407,231000,185
20210407,231500,185
20210407,232000,191
20210407,232500,186
20210407,233000,191
20210407,233500,179
20210407,234000,211
20210407,234500,171
20210407,235000,162
20210407,235500,153
20210408,000000,264
,,2315
,,
20210408,000500,392
20210408,001000,289
20210408,001500,291
20210408,002000,350
20210408,002500,300
20210408,003000,325
20210408,003500,382
20210408,004000,312
20210408,004500,167
20210408,005000,163
20210408,005500,121
20210408,010000,178
,,3270
20210408,010500,134
20210408,011000,97
20210408,011500,92
20210408,012000,111
20210408,012500,116
20210408,013000,168
20210408,013500,224
20210408,014000,208
20210408,014500,121
20210408,015000,97
20210408,015500,100
20210408,020000,136
,,1604
20210408,020500,114
20210408,021000,84
20210408,021500,84
20210408,022000,104
20210408,022500,129
20210408,023000,170
20210408,023500,210
20210408,024000,204
20210408,024500,143
20210408,025000,101
20210408,025500,91
20210408,030000,134
,,1568
20210408,030500,110
20210408,031000,85
20210408,031500,101
20210408,032000,118
20210408,032500,140
20210408,033000,151
20210408,033500,218
20210408,034000,198
20210408,034500,115
20210408,035000,104
20210408,035500,91
20210408,040000,114
,,1545
20210408,040500,111
20210408,041000,93
20210408,041500,109
20210408,042000,102
20210408,042500,126
20210408,043000,155
20210408,043500,209
20210408,044000,191
20210408,044500,128
20210408,045000,97
20210408,045500,107
20210408,050000,125
,,1553
20210408,050500,111
20210408,051000,92
20210408,051500,116
20210408,052000,110
20210408,052500,123
20210408,053000,148
20210408,053500,237
20210408,054000,187
20210408,054500,138
20210408,055000,117
20210408,055500,117
20210408,060000,137
,,1633
20210408,060500,115
20210408,061000,139
20210408,061500,157
20210408,062000,150
20210408,062500,154
20210408,063000,157
20210408,063500,268
20210408,064000,228
20210408,064500,161
20210408,065000,141
20210408,065500,181
20210408,070000,186
,,2037
20210408,070500,188
20210408,071000,143
20210408,071500,177
20210408,072000,177
20210408,072500,186
20210408,073000,254
20210408,073500,274
20210408,074000,268
20210408,074500,166
20210408,075000,198
20210408,075500,220
20210408,080000,200
,,2451
20210408,080500,220
20210408,081000,243
20210408,081500,203
20210408,082000,217
20210408,082500,245
20210408,083000,286
20210408,083500,296
20210408,084000,243
20210408,084500,213
20210408,085000,193
20210408,085500,187
20210408,090000,207
,,2753
20210408,090500,224
20210408,091000,242
20210408,091500,261
20210408,092000,233
20210408,092500,228
20210408,093000,277
20210408,093500,330
20210408,094000,257
20210408,094500,195
20210408,095000,213
20210408,095500,209
20210408,100000,249
,,2918
20210408,100500,320
20210408,101000,247
20210408,101500,302
20210408,102000,258
20210408,102500,234
20210408,103000,282
20210408,103500,307
20210408,104000,329
20210408,104500,245
20210408,105000,285
20210408,105500,255
20210408,110000,292
,,3356
20210408,110500,315
20210408,111000,266
20210408,111500,266
20210408,112000,367
20210408,112500,310
20210408,113000,321
20210408,113500,359
20210408,114000,353
20210408,114500,365
20210408,115000,242
20210408,115500,351
20210408,120000,299
,,3814
20210408,120500,278
20210408,121000,240
20210408,121500,282
20210408,122000,296
20210408,122500,330
20210408,123000,271
20210408,123500,336
20210408,124000,317
20210408,124500,212
20210408,125000,231
20210408,125500,295
20210408,130000,263
,,3351
20210408,130500,244
20210408,131000,257
20210408,131500,282
20210408,132000,243
20210408,132500,270
20210408,133000,299
20210408,133500,334
20210408,134000,286
20210408,134500,221
20210408,135000,209
20210408,135500,212
20210408,140000,249
,,3106
20210408,140500,206
20210408,141000,285
20210408,141500,270
20210408,142000,232
20210408,142500,246
20210408,143000,288
20210408,143500,271
20210408,144000,235
20210408,144500,241
20210408,145000,270
20210408,145500,227
20210408,150000,329
,,3100
20210408,150500,232
20210408,151000,257
20210408,151500,186
20210408,152000,172
20210408,152500,227
20210408,153000,291
20210408,153500,324
20210408,154000,260
20210408,154500,264
20210408,155000,185
20210408,155500,236
20210408,160000,310
,,2944
20210408,160500,276
20210408,161000,241
20210408,161500,232
20210408,162000,250
20210408,162500,238
20210408,163000,309
20210408,163500,336
20210408,164000,390
20210408,164500,413
20210408,165000,256
20210408,165500,342
20210408,170000,325
,,3608
20210408,170500,369
20210408,171000,276
20210408,171500,298
20210408,172000,307
20210408,172500,255
20210408,173000,291
20210408,173500,283
20210408,174000,325
20210408,174500,335
20210408,175000,299
20210408,175500,323
20210408,180000,305
,,3666
20210408,180500,237
20210408,181000,315
20210408,181500,283
20210408,182000,297
20210408,182500,306
20210408,183000,320
20210408,183500,358
20210408,184000,326
20210408,184500,370
20210408,185000,318
20210408,185500,322
20210408,190000,255
,,3707
20210408,190500,270
20210408,191000,307
20210408,191500,323
20210408,192000,293
20210408,192500,311
20210408,193000,278
20210408,193500,262
20210408,194000,336
20210408,194500,336
20210408,195000,261
20210408,195500,267
20210408,200000,298
,,3542
20210408,200500,280
20210408,201000,277
20210408,201500,290
20210408,202000,232
20210408,202500,313
20210408,203000,295
20210408,203500,288
20210408,204000,360
20210408,204500,297
20210408,205000,246
20210408,205500,307
20210408,210000,243
,,3428
20210408,210500,252
20210408,211000,276
20210408,211500,232
20210408,212000,240
20210408,212500,265
20210408,213000,252
20210408,213500,262
20210408,214000,297
20210408,214500,283
20210408,215000,205
20210408,215500,235
20210408,220000,259
,,3058
20210408,220500,217
20210408,221000,244
20210408,221500,223
20210408,222000,220
20210408,222500,204
20210408,223000,250
20210408,223500,217
20210408,224000,270
20210408,224500,272
20210408,225000,202
20210408,225500,215
20210408,230000,221
,,2755
20210408,230500,220
20210408,231000,208
20210408,231500,219
20210408,232000,176
20210408,232500,203
20210408,233000,199
20210408,233500,179
20210408,234000,202
20210408,234500,221
20210408,235000,164
20210408,235500,117
20210409,000000,198
,,2306
,,
20210409,000500,198
20210409,001000,187
20210409,001500,194
20210409,002000,152
20210409,002500,154
20210409,003000,159
20210409,003500,137
20210409,004000,195
20210409,004500,151
20210409,005000,122
20210409,005500,164
20210409,010000,176
,,1989
20210409,010500,162
20210409,011000,154
20210409,011500,147
20210409,012000,99
20210409,012500,121
20210409,013000,135
20210409,013500,138
20210409,014000,171
20210409,014500,146
20210409,015000,101
20210409,015500,144
20210409,020000,168
,,1686
20210409,020500,129
20210409,021000,132
20210409,021500,129
20210409,022000,96
20210409,022500,114
20210409,023000,225
20210409,023500,215
20210409,024000,248
20210409,024500,194
20210409,025000,88
20210409,025500,103
20210409,030000,118
,,1791
20210409,030500,101
20210409,031000,94
20210409,031500,90
20210409,032000,63
20210409,032500,105
20210409,033000,130
20210409,033500,126
20210409,034000,122
20210409,034500,128
20210409,035000,106
20210409,035500,131
20210409,040000,145
,,1341
20210409,040500,125
20210409,041000,127
20210409,041500,113
20210409,042000,92
20210409,042500,87
20210409,043000,110
20210409,043500,111
20210409,044000,120
20210409,044500,133
20210409,045000,103
20210409,045500,132
20210409,050000,138
,,1391
20210409,050500,130
20210409,051000,134
20210409,051500,136
20210409,052000,102
20210409,052500,117
20210409,053000,133
20210409,053500,118
20210409,054000,142
20210409,054500,125
20210409,055000,107
20210409,055500,118
20210409,060000,137
,,1499
20210409,060500,144
20210409,061000,147
20210409,061500,147
20210409,062000,133
20210409,062500,141
20210409,063000,153
20210409,063500,179
20210409,064000,191
20210409,064500,163
20210409,065000,177
20210409,065500,210
20210409,070000,185
,,1970
20210409,070500,174
20210409,071000,175
20210409,071500,190
20210409,072000,214
20210409,072500,176
20210409,073000,195
20210409,073500,218
20210409,074000,235
20210409,074500,197
20210409,075000,148
20210409,075500,189
20210409,080000,188
,,2299
20210409,080500,143
20210409,081000,165
20210409,081500,186
20210409,082000,200
20210409,082500,154
20210409,083000,184
20210409,083500,205
20210409,084000,235
20210409,084500,223
20210409,085000,176
20210409,085500,241
,,2112
20210409,090000,258
20210409,090500,220
20210409,091000,263
20210409,091500,216
20210409,092000,271
20210409,092500,191
20210409,093000,248
20210409,093500,200
20210409,094000,236
20210409,094500,247
20210409,095000,195
20210409,095500,263
20210409,100000,244
,,2794
20210409,100500,201
20210409,101000,255
20210409,101500,291
20210409,102000,272
20210409,102500,249
20210409,103000,280
20210409,103500,301
20210409,104000,288
20210409,104500,283
20210409,105000,276
20210409,105500,236
20210409,110000,291
,,3223
20210409,110500,391
20210409,111000,269
20210409,111500,283
20210409,112000,253
20210409,112500,221
20210409,113000,264
20210409,113500,316
20210409,114000,280
20210409,114500,231
20210409,115000,283
20210409,115500,335
20210409,120000,274
,,3400
20210409,120500,306
20210409,121000,292
20210409,121500,241
20210409,122000,291
20210409,122500,224
20210409,123000,265
20210409,123500,277
20210409,124000,276
20210409,124500,202
20210409,125000,296
20210409,125500,286
20210409,130000,316
,,3272
20210409,130500,385
20210409,131000,359
20210409,131500,299
20210409,132000,325
20210409,132500,347
20210409,133000,291
20210409,133500,293
20210409,134000,257
20210409,134500,218
20210409,135000,257
20210409,135500,276
20210409,140000,258
,,3565
20210409,140500,277
20210409,141000,253
20210409,141500,335
20210409,142000,220
20210409,142500,241
20210409,143000,279
20210409,143500,278
20210409,144000,293
20210409,144500,285
20210409,145000,248
20210409,145500,338
20210409,150000,230
,,3277
20210409,150500,247
20210409,151000,297
20210409,151500,325
20210409,152000,263
20210409,152500,253
20210409,153000,250
20210409,153500,280
20210409,154000,284
20210409,154500,301
20210409,155000,301
20210409,155500,283
20210409,160000,260
,,3344
20210409,160500,217
20210409,161000,238
20210409,161500,306
20210409,162000,211
20210409,162500,245
20210409,163000,265
20210409,163500,270
20210409,164000,262
20210409,164500,287
20210409,165000,281
20210409,165500,272
20210409,170000,313
,,3167
20210409,170500,271
20210409,171000,258
20210409,171500,255
20210409,172000,236
20210409,172500,242
20210409,173000,219
20210409,173500,224
20210409,174000,302
20210409,174500,257
20210409,175000,273
20210409,175500,239
20210409,180000,311
,,3087
20210409,180500,257
20210409,181000,241
20210409,181500,297
20210409,182000,299
20210409,182500,346
20210409,183000,351
20210409,183500,325
20210409,184000,300
20210409,184500,303
20210409,185000,298
20210409,185500,312
20210409,190000,338
,,3667
20210409,190500,311
20210409,191000,390
20210409,191500,366
20210409,192000,302
20210409,192500,302
20210409,193000,261
20210409,193500,291
20210409,194000,302
20210409,194500,324
20210409,195000,285
20210409,195500,303
20210409,200000,293
,,3730
20210409,200500,255
20210409,201000,343
20210409,201500,280
20210409,202000,321
20210409,202500,272
20210409,203000,252
20210409,203500,255
20210409,204000,276
20210409,204500,281
20210409,205000,261
20210409,205500,240
20210409,210000,232
,,3268
20210409,210500,266
20210409,211000,286
20210409,211500,293
20210409,212000,240
20210409,212500,301
20210409,213000,232
20210409,213500,244
20210409,214000,254
20210409,214500,252
20210409,215000,272
20210409,215500,244
20210409,220000,289
,,3173
20210409,220500,302
20210409,221000,241
20210409,221500,258
20210409,222000,166
20210409,222500,200
20210409,223000,135
20210409,223500,124
20210409,224000,124
20210409,224500,127
20210409,225000,169
20210409,225500,129
20210409,230000,103
,,2078
20210409,230500,112
20210409,231000,99
20210409,231500,112
20210409,232000,58
20210409,232500,38
20210409,233000,2
20210410,000000,202
,,623
,,
20210410,000500,206
20210410,001000,185
20210410,001500,215
20210410,002000,182
20210410,002500,229
20210410,003000,182
20210410,003500,146
20210410,004000,145
20210410,004500,149
20210410,005000,129
20210410,005500,136
20210410,010000,139
,,2043
20210410,010500,133
20210410,011000,156
20210410,011500,149
20210410,012000,121
20210410,012500,184
20210410,013000,150
20210410,013500,169
20210410,014000,131
20210410,014500,117
20210410,015000,127
20210410,015500,158
20210410,020000,141
,,1736
20210410,020500,153
20210410,021000,122
20210410,021500,155
20210410,022000,102
20210410,022500,151
20210410,023000,121
20210410,023500,98
20210410,024000,102
20210410,024500,103
20210410,025000,111
20210410,025500,120
20210410,030000,132
,,1470
20210410,030500,123
20210410,031000,127
20210410,031500,140
20210410,032000,119
20210410,032500,135
20210410,033000,116
20210410,033500,95
20210410,034000,94
20210410,034500,83
20210410,035000,114
20210410,035500,119
20210410,040000,123
,,1388
20210410,040500,129
20210410,041000,124
20210410,041500,147
20210410,042000,100
20210410,042500,124
20210410,043000,112
20210410,043500,96
20210410,044000,94
20210410,044500,82
20210410,045000,94
20210410,045500,91
20210410,050000,107
,,1300
20210410,050500,94
20210410,051000,101
20210410,051500,126
20210410,052000,85
20210410,052500,116
20210410,053000,126
20210410,053500,108
20210410,054000,89
20210410,054500,99
20210410,055000,104
20210410,055500,128
20210410,060000,134
,,1310
20210410,060500,132
20210410,061000,144
20210410,061500,157
20210410,062000,126
20210410,062500,135
20210410,063000,111
20210410,063500,121
20210410,064000,110
20210410,064500,131
20210410,065000,146
20210410,065500,135
20210410,070000,164
,,1612
20210410,070500,180
20210410,071000,152
20210410,071500,173
20210410,072000,157
20210410,072500,179
20210410,073000,142
20210410,073500,158
20210410,074000,164
20210410,074500,138
20210410,075000,173
20210410,075500,177
20210410,080000,192
,,1985
20210410,080500,187
20210410,081000,177
20210410,081500,174
20210410,082000,168
20210410,082500,232
20210410,083000,192
20210410,083500,186
20210410,084000,181
20210410,084500,200
20210410,085000,209
20210410,085500,188
20210410,090000,261
,,2355
20210410,090500,229
20210410,091000,150
20210410,091500,186
20210410,092000,184
20210410,092500,218
20210410,093000,239
20210410,093500,214
20210410,094000,234
20210410,094500,200
20210410,095000,215
20210410,095500,234
20210410,100000,284
,,2587
20210410,100500,276
20210410,101000,245
20210410,101500,223
20210410,102000,230
20210410,102500,268
20210410,103000,257
20210410,103500,227
20210410,104000,166
20210410,104500,240
20210410,105000,234
20210410,105500,237
20210410,110000,295
,,2898
20210410,110500,220
20210410,111000,265
20210410,111500,256
20210410,112000,220
20210410,112500,278
20210410,113000,252
20210410,113500,296
20210410,114000,217
20210410,114500,255
20210410,115000,231
20210410,115500,254
20210410,120000,265
,,3009
20210410,120500,279
20210410,121000,287
20210410,121500,284
20210410,122000,244
20210410,122500,238
20210410,123000,286
20210410,123500,215
20210410,124000,270
20210410,124500,299
20210410,125000,240
20210410,125500,275
20210410,130000,269
,,3186
20210410,130500,263
20210410,131000,257
20210410,131500,264
20210410,132000,260
20210410,132500,236
20210410,133000,318
20210410,133500,250
20210410,134000,198
20210410,134500,226
20210410,135000,194
20210410,135500,234
20210410,140000,263
,,2963
20210410,140500,230
20210410,141000,275
20210410,141500,247
20210410,142000,239
20210410,142500,243
20210410,143000,250
20210410,143500,223
20210410,144000,227
20210410,144500,271
20210410,145000,245
20210410,145500,270
20210410,150000,238
,,2958
20210410,150500,247
20210410,151000,244
20210410,151500,249
20210410,152000,247
20210410,152500,264
20210410,153000,296
20210410,153500,236
20210410,154000,239
20210410,154500,243
20210410,155000,236
20210410,155500,214
20210410,160000,208
,,2923
20210410,160500,198
20210410,161000,240
20210410,161500,244
20210410,162000,211
20210410,162500,221
20210410,163000,240
20210410,163500,249
20210410,164000,198
20210410,164500,263
20210410,165000,252
20210410,165500,204
20210410,170000,219
,,2739
20210410,170500,234
20210410,171000,260
20210410,171500,216
20210410,172000,229
20210410,172500,257
20210410,173000,276
20210410,173500,255
20210410,174000,229
20210410,174500,236
20210410,175000,216
20210410,175500,232
20210410,180000,285
,,2925
20210410,180500,242
20210410,181000,277
20210410,181500,243
20210410,182000,174
20210410,182500,220
20210410,183000,263
20210410,183500,242
20210410,184000,246
20210410,184500,231
20210410,185000,267
20210410,185500,270
20210410,190000,240
,,2915
20210410,190500,268
20210410,191000,262
20210410,191500,268
20210410,192000,236
20210410,192500,246
20210410,193000,285
20210410,193500,278
20210410,194000,304
20210410,194500,269
20210410,195000,289
20210410,195500,280
20210410,200000,232
,,3217
20210410,200500,260
20210410,201000,312
20210410,201500,282
20210410,202000,217
20210410,202500,242
20210410,203000,307
20210410,203500,301
20210410,204000,270
20210410,204500,304
20210410,205000,258
20210410,205500,293
20210410,210000,250
,,3296
20210410,210500,282
20210410,211000,308
20210410,211500,248
20210410,212000,263
20210410,212500,262
20210410,213000,321
20210410,213500,246
20210410,214000,232
20210410,214500,274
20210410,215000,226
20210410,215500,215
20210410,220000,240
,,3117
20210410,220500,232
20210410,221000,223
20210410,221500,212
20210410,222000,197
20210410,222500,273
20210410,223000,280
20210410,223500,174
20210410,224000,209
20210410,224500,202
20210410,225000,157
20210410,225500,163
20210410,230000,128
,,2450
20210410,230500,146
20210410,231000,115
20210410,231500,122
20210410,232000,133
20210410,232500,124
20210410,233000,102
20210410,233500,103
20210410,234000,107
20210410,234500,75
20210410,235000,16
,,1043
